tmdbID,Title,Year
250792,لا شيء يهم,1964
233206,القط الأسود,1964
276374,ماما,1966
250794,أيام معه,1967
282239,الجاهزين قوي,1968
250798,نادية,1968
250653,العتبة جزاز,1968
252180,الحب الضائع,1969
52663,العلم و الأيمان,1971
252182,النورس,1972
104045,عادات وتقاليد,1972
252204,من أنا؟,1975
104059,أرض النفاق,1975
202952,فوازير نيللي,1975
275240,حكاية غريبة,1976
279242,عاصفة على بحر هادئ,1977
274551,الحصار,1977
249606,الحقيقة.. ذلك المجهول,1977
226250,حكاية ميزو,1977
279857,ريش علي مافيش,1978
278718,مين اللي فيهم,1978
274523,رحلة هادئة,1978
240485,برج الحظ,1978
274600,المشربية,1978
259282,الزائر المجهول,1978
213360,جحا وبنات شهبندر التجار,1978
110398,كيف تخسر مليون جنيه,1978
275247,أيام العذاب,1979
274618,رجال في الغروب,1979
56445,الأيام,1979
244905,إصلاحية جبل الليمون,1979
274983,حكاية الدكتور مسعود,1979
278954,سبع صنايع,1979
104044,أبنائي الأعزاء..شكراً,1979
275268,الليل الطويل,1979
275443,هذا المصير,1979
240520,هي والمستحيل,1979
281933,المشهد رقم 13,1980
274620,اللمسة الأخيرة,1980
272977,زينب والعرش,1980
249679,صيام صيام,1980
55069,عيون,1980
55044,دموع في عيون وقحة,1980
131377,محمد رسول الله,1980
274981,الشبيهان,1980
274295,بلا خطيئة,1980
260869,الصراع,1980
260897,اللعبة,1981
232104,الفتوحات الإسلامية,1981
249691,ومشيت طريق الأخطار,1981
56448,الرجل الذي فقد ذاكرته مرتين,1981
221020,أبواب المدينة,1981
275249,الخيوط الفضية,1982
274597,خدمة ليلية,1982
243123,أديب,1982
256826,ليلة القبض على فاطمة,1982
113610,وقال البحر,1982
249835,وتوالت الأحداث عاصفة,1982
257128,ثلاثة في قطار,1982
283700,الجبان,1983
256885,البحث عن الضحية,1983
54138,الشهد والدموع,1983
234451,عطفة خوخة,1983
235881,نهاية العالم ليست غدًا,1983
250398,ألف ليلة وليلة,1984
249841,Ahlan Ahlan Bel Sokan,1984
117104,هند والدكتور نعمان,1984
201159,جمال الدين الأفغاني,1984
256850,حواديت زمان,1984
86921,Tanzschule Kaiser,1984
110615,علي الزيبق,1985
243467,مهلا أيها الخريف,1985
274542,وأدرك شهريار الصباح,1985
249458,لا إله إلا الله,1985
240551,حكايات هو وهي,1985
106180,ألف ليلة وليلة: عروس البحور,1985
240165,طريق الندم,1985
202961,هلا,1986
131454,الإمام مسلم,1986
106190,الكابتن جودة,1986
211982,غوايش,1986
209739,رحلة السيد أبو العلا البشري,1986
106179,ألف ليلة وليلة: وردشان وماندو,1986
237320,سفر الأحلام,1986
238062,الحب وأشياء أخرى,1986
106189,بكيزة وزغلول,1987
240488,غداً تدق الأجراس,1987
278760,الثلاثية,1987
135210,البشاير,1987
106181,ألف ليلة وليلة: الثلاث بنات (كريمة وحليمة وفاطيمة),1987
256718,8 حارة البحر,1987
246359,عصفور النار,1987
52560,ليالي الحلمية,1987
111707,الزوجة أول من يعلم,1987
205615,آسف .. لا يوجد حل,1987
282766,الدفاع يتهم,1988
240498,اللقاء الثاني,1988
90674,رأفت الهجان,1988
106184,الراية البيضا,1988
249946,ثمن الخوف,1988
236579,فوازير جدو عبده راح مكتبته,1988
274831,ألف ليلة وليلة: الأشكيف وست الملاح,1989
106187,أنا وانت وبابا في المشمش,1989
252716,الكهف والوهم والحب,1989
232103,الحب وسنينه,1989
249957,أبيض وأسود,1989
274828,ألف ليلة وليلة: بدر باسم وجوهرة بنت السمندل,1990
252754,شارع المواردي,1990
223942,مذكرات زوج,1990
216392,الوسية,1990
104031,عائلة الأستاذ شلش,1990
274835,ألف ليلة وليلة: حمال الأسية,1990
227463,حدود الله,1990
234043,مخلوق اسمه المرأة,1990
110488,مطلوب عروسة,1990
281934,لقاء,1991
274770,ألف ليلة وليلة,1991
243756,النوّة,1991
243243,رحلة أبو الوفا,1991
204949,النوة,1991
55136,ضمير أبلة حكمت,1991
228045,ولدي,1991
53618,البخيل وأنا,1991
110411,عجايب صندوق الدنيا,1991
278630,في قلب الليل,1992
86325,بوابة الحلواني,1992
207107,ألف ليلة وليلة,1992
129287,المال والبنون,1992
122545,مغامرات زكية هانم,1992
274799,ألف ليلة وليلة: معروف الإسكافي,1993
274764,أهل الطريق,1993
258061,ناس ولاد ناس,1993
256625,المحاكمة,1993
90993,ذئاب الجبل,1993
87470,الثعلب,1993
250035,أبناء ولكن,1993
56140,سر الأرض,1994
237317,العائلة,1994
227508,عمر بن عبدالعزيز,1994
203094,لا,1994
90994,أرابيسك: أيام حسن النعماني,1994
55991,يوميات ونيس,1994
283701,شتاء له نهاية,1995
243000,البراري والحامول,1995
243805,اثنين .. اثنين,1995
203807,الخروج من المأزق,1995
274839,ألف ليلة وليلة: علي بابا والأربعين حرامي,1995
225854,الزيني بركات,1995
56102,حكايات من ألف ليلة وليلة,1995
53799,ساكن قصادي,1995
137652,السقوط في بئر سبع,1995
104018,الكاميرا الخفية إبراهيم نصر,1995
258162,لقمة القاضي,1996
274809,ألف ليلة وليلة: فضل الله ووردانه,1996
209740,أبو العلا ٩٠,1996
203097,نصف ربيع الآخر,1996
201586,حكايات مستر أيوب ومسز عنايات,1996
120677,الحفار,1996
110491,لن اعيش في جلباب ابي,1996
245101,عدل الأيام,1996
212249,خالتي صفية و الدير,1996
195603,الوتد,1996
227914,Alsabr fi almulahat,1996
95309,من الذي لا يحب فاطمة,1996
261020,سنوات الغضب,1996
126717,De Oude Egyptenaren,1997
243001,التوأم,1997
220904,السيرة الهلالية,1997
130466,حلم الجنوبي,1997
104049,أهالينا,1997
84300,هارون الرشيد,1997
54969,أبو حنيفة النعمان,1997
53619,وإنت عامل إيه؟,1997
245710,ضد التيار,1997
247527,الحلو ما يكملش,1997
227507,عصر الأئمة,1997
237154,جمهورية زفتى,1997
237276,بريء في ورطة,1997
110477,زيزينيا,1997
84330,جيران الهنا,1997
52599,هوانم جاردن سيتي,1997
243215,من قصص الأنبياء,1998
227462,الامام الترمذي,1998
202996,بكار,1998
274800,ألف ليلة وليلة: ذات الخال,1998
201179,السيرة العاشورية: الحرافيش,1998
90991,الضوء الشارد,1998
54745,سنوات الشقاء والحب,1998
54171,امرأة من زمن الحب,1998
53792,رد قلبي,1998
278992,حضرة المحترم,1999
246069,اوقات خادعة,1999
240486,مذكرات ضرة,1999
232922,عفوا حبيبتي,1999
235559,فوازير - حلم ولا علم,1999
274805,ألف ليلة وليلة: ذات المال,1999
110497,لما التعلب فات,1999
100887,أم كلثوم,1999
52717,الرجل الأخر,1999
240490,خيال الظل,2000
252110,قط وفار فايف ستار,2000
234120,الفرار من الحب,2000
274821,ألف ليلة وليلة: ضوء المكان وبدر التمام,2000
252711,درب ابن برقوق,2000
205205,يا رجال العالم اتحدوا,2000
203098,أوبرا عايدة,2000
283666,دهب,2001
243750,بنات أفكاري,2001
227783,Talamith Akher Zaman,2001
240504,حمزة وبناته الخمسة,2001
240496,البر الغربي,2001
52292,الكومي,2001
212225,سوق العصر,2001
110498,للعدالة وجوه كثيرة,2001
53813,حديث الصباح والمساء,2001
52716,عائلة الحاج متولي,2001
240631,نور القمر,2002
240489,حرس سلاح,2002
228032,Li dawa'y Amneya,2002
240492,البحار مندي,2002
240487,انظر حولك وابتسم,2002
195093,امام الدعاة,2002
275418,وحلقت الطيور نحو الشرق,2002
209926,العصيان,2002
110394,جحا المصري,2002
52715,العطار والسبع بنات,2002
50242,أين قلبي,2002
240523,رجل في زمن العولمة,2002
55992,فارس بلا جواد,2002
227923,Taealaa nahlum bibakrih,2003
251757,أبيض في أبيض,2003
238826,رجل الأقدار,2003
215338,ملك روحي,2003
209734,الناس في كفر عسكر,2003
138568,الليل وآخره,2003
130128,الحقيقة والسراب,2003
129908,حكايات زوج معاصر,2003
52283,بنت أفندينا,2004
50027,مشوار امراة,2004
240626,ملاعيب شيحة,2004
240632,رباعيات جاهين,2004
90998,محمود المصري,2004
228022,عيش أيامك,2004
204421,عفاريت السيالة,2004
52705,عباس الأبيض في اليوم الأسود,2004
228033,Lil Tharwa Hessabat Okhra,2005
228028,قلب حبيبة,2005
231425,عائلة أستاذ أمين,2005
274807,ألف ليلة وليلة: سالم وغانم,2005
245039,أماكن في القلب,2005
203755,المرسى و البحار,2005
110490,مبروك جالك قلق,2005
53981,سارة,2005
53717,العميل 1001,2005
50199,ريا و سكينة,2005
275528,مسائل عائلية جدا,2005
254855,افيش و تشبيه,2006
32202,"The X Factor Arabia- ""XSeer Al Najah""",2006
227924,حارة الزعفراني,2006
227919,Bent Bnoot,2006
227918,أولاد الشوارع,2006
228052,Souk Al-Khodaar,2006
228048,Rajul wa'iimratan,2006
228040,Muatin bidarajat wazir,2006
231422,مطعم تشي توتو,2006
220290,سوق الخضار,2006
204293,حضرة المتهم أبي,2006
203093,سكة الهلالي,2006
73782,تامر وشوقية,2006
215379,امرأة من الصعيد الجواني,2006
84774,راجل وست ستات,2006
237156,علي يا ويكا,2006
35941,لحظات حرجة,2007
87774,المصراوية,2007
227910,أزهار,2007
228050,سلطان الغرام,2007
228046,Hanan W Haneen,2007
228044,نقطة نظام,2007
240634,ساعة عصاري,2007
258083,عائلة مجنونة جداً,2007
53622,سوبر هنيدي,2007
46309,عمارة يعقوبيان,2007
118846,قضية رأي عام,2007
110481,يتربى في عزو,2007
87469,الدالي,2007
228030,كلمة حق,2008
283676,عباس وإيناس,2008
228047,دموع في حضن الجبل,2008
228042,ناصر,2008
215518,كافيه تشينو,2008
215261,في أيد أمينة,2008
204354,هيمة - أيام الضحك والدموع,2008
202834,دارك,2008
110426,قصه الأمس,2008
62457,العيادة,2008
54144,هيمة,2008
243806,أولاد الحلال,2009
25682,Adrenaline,2009
276380,6  ميدان التحرير,2009
245620,حدف بحر,2009
250943,حرمت يا بابا,2009
253320,ظاظا وجرجير,2009
228027,Qatel Bila Ajr,2009
227922,Tajir Al-Saada,2009
228035,ليالي,2009
232602,Hodoa Nisbi,2009
232810,Fo2sh,2009
275427,حكايات وبنعيشها,2009
228039,ماتخافوش,2009
224844,حقي برقبتي,2009
223615,Isma'il Yassin (Abu Dehka Genan),2009
136431,حرب الجواسيس,2009
122617,الباطنية,2009
118849,قانون المراغي,2009
115084,الأدهم,2009
110476,خاص جدا,2009
110435,ابن الأرندلي,2009
55124,هانم بنت باشا,2009
52751,إسماعيل يس (أبو ضحكة جنان),2009
33935,لعبة الحياة,2009
231144,عرض خاص,2010
227722,Ana alquds,2010
228041,موعد مع الوحوش,2010
33795,الجماعة,2010
115146,نص أنا.. نص هو,2010
53979,عايزة أتجوز,2010
284633,احلام كومبارس,2010
274840,مش ألف ليلة وليلة,2010
223662,مش ألف ليلة وليلة,2010
219559,مملكة الجبل,2010
203875,ازمة سكر,2010
202963,كليوباترا,2010
118851,ريش نعام,2010
110613,شيخ العرب همام,2010
95300,أهل كايرو,2010
95256,اللص والكتاب,2010
54957,ماما في القسم,2010
52698,الكبير أوي,2010
50865,زهرة وأزواجها الخمسة,2010
50568,بيت الباشا,2010
232819,سقوط الخلافة,2010
52358,The B+ Show,2011
254207,الشوارع الخلفية,2011
228021,Abed Karman,2011
228053,Sharea' Abdel Aziz,2011
107392,أبواب الخوف,2011
234338,مشرفة: رجل من هذا الزمان,2011
276137,دوران شبرا,2011
275511,مسألة كرامة,2011
232167,كيد النسا,2011
223219,قصص الحيوان في القران,2011
209944,الريان,2011
202965,وادي الملوك,2011
115140,خاتم سليمان,2011
106191,المواطن اكس,2011
99820,قصص في القرآن,2011
93616,رامز قلب الاسد,2011
87701,ادم,2011
54318,نور مريم,2011
53620,مسيو رمضان مبروك أبو العلمين حمودة,2011
44446,البرنامج,2011
250384,الباب في الباب,2011
96822,العار,2011
110396,حدوتة بعد النوم,2011
254531,سيدنا السيد,2012
227926,Al-Saf'a,2012
227908,Okht Therese,2012
227906,Ibn Mawt,2012
228025,فرح العمدة,2012
113790,طرف ثالث,2012
84357,باب الخلق,2012
276136,البلطجي,2012
223627,مع سبق الإصرار,2012
204713,زي الورد,2012
156186,شمس الأنصاري,2012
137139,الخواجة عبد القادر,2012
119207,9 جامعة الدول,2012
115141,خرم إبرة,2012
115131,الزوجة الرابعة,2012
105806,نابليون و المحروسة,2012
105581,رقم مجهول,2012
93617,رامز ثعلب الصحراء,2012
90496,حكايات بنات,2012
81810,فرقة ناجي عطا الله,2012
54727,الهروب,2012
54332,الإخوة الأعداء,2012
54284,فيرتيجو,2012
53299,خطوط حمراء,2012
52743,لسه بدري,2012
52742,شربات لوز,2012
52710,عرفه البحر,2012
52271,قضية معالي الوزيرة,2012
232101,Al-Sharikah,2012
239228,الإمام الغزالي,2012
226351,وسيم هدهد,2013
245100,العقرب,2013
210238,في غمضة عين,2013
227176,Amir wa Rehlat el Asateer,2013
227915,El Sakr Shaheen,2013
227781,Jozoor,2013
50563,العراف,2013
249105,فلفل شطة,2013
153355,Woman Stories In Quran,2013
93618,رامز عنخ آمون,2013
252885,القاصرات,2013
232195,فرح ليلى,2013
223623,حكاية حياة,2013
223541,تحت الأرض,2013
219560,الزوجة الثانية,2013
212189,الداعية,2013
202969,على كف عفريت,2013
202466,نيران صديقه,2013
157013,موجة حارة,2013
125307,بدون ذكر أسماء,2013
119302,مزاج الخير,2013
96908,الشك,2013
67197,الرجل العناب,2013
56344,مسلسليكو,2013
55048,Asia,2013
108654,ذات (بنت اسمها ذات),2013
234580,Ahl al Hawa,2013
217768,Heba Regl El-Ghorab,2014
113519,هبة رجل الغراب,2014
78619,مسرح مصر,2014
62924,الإخوة,2014
96202,إمبراطورية مين,2014
228031,Kika Alal Ali,2014
228029,Quloub,2014
237116,تفاحة آدم,2014
93619,رامز قرش البحر,2014
232537,فؤش في المعسكر,2014
232171,كيد الحموات,2014
225781,السيدة الاولي,2014
214773,شمس,2014
213047,اتهام,2014
202610,دهشة,2014
201739,سجن النسا,2014
194902,السبع وصايا,2014
115137,أنا وبابا وماما,2014
110503,كلام على ورق,2014
110400,الإكسلانس,2014
106192,عد تنازلي,2014
96732,فرق توقيت,2014
89699,دكتور أمراض نسا,2014
86333,الصياد,2014
84780,دلع بنات,2014
84360,جبل الحلال,2014
82307,فيفا أطاطا,2014
66193,صاحب السعادة,2014
62589,سرايا عابدين,2014
216480,معكم منى الشاذلي,2014
113541,ابن حلال,2014
260776,Urgent Landing,2015
202893,أسباب نزول الآيات,2015
227180,Qasas El Ayat fil Qur'an,2015
202953,من الجاني,2015
69175,الفرنجة,2015
255659,أوراق التوت,2015
228024,Ayoon Al-Qalb,2015
227925,Hob La Yamut,2015
227917,Alwan Elteif,2015
227916,Almutalaqat,2015
275577,علاقات خاصة,2015
258642,يخلق من الشبح أربعين,2015
202730,خليل الله,2015
82313,يوميات زوجة مفروسة أوي,2015
63155,العهد (الكلام المباح),2015
233443,حالة عشق,2015
202956,الصعلوك,2015
202143,تحت السيطرة,2015
110489,مريم,2015
110485,وش تاني,2015
110473,حارة اليهود,2015
99945,مولانا العاشق,2015
96831,ولي العهد,2015
86537,طريقي,2015
86336,لعبة إبليس,2015
86335,ظرف أسود,2015
84782,لهفة,2015
81065,حق ميت,2015
76306,استيفا,2015
74775,استاذ و رئيس قسم,2015
73655,ألف ليلة وليلة,2015
72094,الكابوس,2015
283568,وجع البنات,2016
84333,نصيبي وقسمتك,2016
76457,الكبريت الأحمر,2016
136510,وش السعد,2016
68829,Saturday Night Live بالعربي,2016
122361,Gerab Hawa,2016
226639,نوايا بريئة,2016
71688,جراند اوتيل,2016
232162,وعد,2016
228049,ستات قادرة,2016
228037,Leila,2016
218384,شهادة ميلاد,2016
204159,المغني,2016
202663,حبیب الله,2016
201492,ابو البنات,2016
96821,El Keif,2016
94865,صد رد,2016
92893,مأمون وشركاه,2016
89868,سقوط حر,2016
89409,الخانكة,2016
88015,الميزان,2016
84362,القيصر,2016
84361,راس الغول,2016
81364,فوق مستوى الشبهات,2016
76987,قضاة عظماء,2016
74115,الصدمة,2016
73791,الاسطورة,2016
69165,أفراح القبة,2016
52905,الميزان,2016
68015,ونوس,2016
275519,كلمة سر,2016
84334,نيللي وشريهان,2016
78626,مسرح النهار,2016
69687,السبع بنات,2016
88662,عائلة الحاج نعمان,2017
72989,الأب الروحي,2017
80820,حجر جهنم,2017
74445,SAS: Rogue Warriors,2017
122303,البارون,2017
84749,كابتن أنوش,2017
280123,AL Saraya,2017
87770,Al ostaz bubul wa haramih,2017
110496,لمعي القط,2017
202763,Les scientifiques musulmans,2017
222391,وضع أمني,2017
106193,عشم إبليس,2017
93623,رامز تحت الأرض,2017
76050,الحصان الأسود,2017
72367,اللهم انى صايم,2017
72366,الحصان الاسود,2017
72365,لمعى القط,2017
72364,عشم ابليس,2017
72337,في ال لا لا لاند,2017
72336,لا تطفئ الشمس,2017
72335,هذا المساء,2017
72334,حلاوة الدنيا,2017
72324,شاش في قطن,2017
72322,عرايس خشب,2017
72303,ظل الرئيس,2017
72301,طاقة القدر,2017
72299,....,2017
72298,ريح المدام,2017
72265,زووو,2017
72264,الجماعة 2,2017
72263,وضع امنى,2017
72262,هربانة منها,2017
72261,ارض جو,2017
72224,واحة الغروب,2017
72208,30 يوم,2017
72207,الحساب يجمع,2017
72206,لاعلى سعر,2017
72205,رمضان كريم,2017
72136,الزيبق,2017
72135,الحالة ج,2017
72097,عفاريت عدلى علام,2017
72049,كفر دلهاب,2017
72048,كلبش,2017
71928,خلصانة بشياكة,2017
56451,هذا المساء,2017
227912,Al Halaal,2017
228105,Qasr Al-Oshaq,2017
202227,الدحيح,2017
74986,بين عالمين,2017
86949,الطوفان,2017
75165,سابع جار,2017
76950,أبو العروسة,2017
84335,كأنه إمبارح,2018
86961,البيت الكبير,2018
91664,طلعت روحي,2018
195243,ميس اندرستاند - Miss Understand,2018
227911,أفراح إبليس,2018
79578,خفة يد,2018
79576,سك على إخواتك,2018
79610,قانون عمر,2018
79585,ربع رومي,2018
79569,سك على اخواتك,2018
202958,رشا وحماتها,2018
194932,Sadqa Rasol Allah,2018
84289,السهام المارقة,2018
80682,Mamno'a Al-Ektrab Aw Al-Taswir,2018
80680,لدينا أقوال أخرى,2018
80679,ضد مجهول,2018
80677,إختفاء,2018
80293,ليالي أوجيني,2018
80228,عزمي وأشجان,2018
79889,ارض النفاق,2018
79731,الكابتن عزوز,2018
79730,أبو عمر المصري,2018
79727,رحيم,2018
79724,فوق السحاب,2018
79676,طايع,2018
79674,ايوب,2018
79671,بالحجم العائلي,2018
79663,لعنة كارما,2018
79659,أختفاء,2018
79650,الوصية,2018
79643,نسر الصعيد,2018
79640,عوالم خفية,2018
83317,اختفاء,2018
227913,El-Shereet El-Ahmar,2018
87420,Beet Al Salayef,2018
122855,غزوات الرسول ﷺ,2019
118689,I am Sherry.com,2019
202897,الفاروق عمر,2019
86670,أنا شيري دوت كوم,2019
88567,قيد عائلي,2019
88018,أهو ده اللي صار,2019
86839,Zibq,2019
96612,أمين و شركاه,2019
88925,أمين وشركاه,2019
204184,باسمك اللهم,2019
89090,فكرة بمليون جنيه,2019
89088,قابيل,2019
202793,يوسف الصديق,2019
202669,كليم الله ( موسي عليه السلام),2019
154147,هذا هو الإسلام,2019
88930,ولد الغلابة,2019
88929,زلزال,2019
88928,الواد سيد الشحات,2019
88926,طلقة حظ,2019
223301,رامز في الشلال,2019
201373,بدل الحدوتة 3,2019
90774,زودياك,2019
89355,علامة استفهام,2019
89188,قمر هادي,2019
89167,هوجان,2019
89165,سوبر ميرو,2019
89163,لمس أكتاف,2019
89148,ابو جبل,2019
89119,حكايتي,2019
89117,حدوته مُرة,2019
89051,البرنسيسة بيسة,2019
227178,نور في قرية الطيبين,2019
90314,زى الشمس,2019
202999,الحضارة المفقودة,2019
93185,أبو حفيظة,2019
95732,بحر,2019
95939,شبر ميه,2019
95358,حواديت الشانزليزيه,2019
98893,حشمت في البيت الابيض,2019
275518,الضاهر,2019
98059,الآنسة فرح,2019
97350,الأخ الكبير,2020
98793,في كل أسبوع يوم جمعة,2020
98632,اللعبة,2020
99213,بت القبايل,2020
102245,طاقة حب,2020
107285,مملكة إبليس,2020
99154,ختم النمر,2020
255957,أحلى صوت للأطفال ج3,2020
108402,إلا أنا: حكاية ورا حكاية,2020
100530,إلا أنا,2020
202600,أنبياء الله,2020
101372,قوت القلوب,2020
107376,هزر فزر,2020
202895,المبشرون بالجنة,2020
102364,اتنين في الصندوق,2020
202790,نجى الله ( نوح عليه السلام ),2020
250643,لف وإرجع تاني,2020
106265,الفراجنة كامل,2020
102517,الفراجنة,2020
102484,رامز مجنون رسمي,2020
102483,عمر ودياب,2020
102455,حب عمري,2020
102446,لما كنا صغيرين,2020
102443,خيانة عهد,2020
102439,سكر زيادة,2020
102433,عمر و دياب,2020
102415,سلطانة المعز,2020
102381,ليالينا 80,2020
102379,شاهد عيان,2020
102376,بـ100 وش,2020
102289,فرصة تانية,2020
102045,الاختيار,2020
102041,البرنس,2020
101838,الفتوة,2020
94047,فلانتينو,2020
102049,النهاية,2020
102929,صحبة الآيات,2020
104395,ليه لأ,2020
105526,شديد الخطورة,2020
102468,الشركة الألمانية لمكافحة الخوارق : جمجوم وبم بم,2020
106451,الحرامي,2020
110647,اسود فاتح,2020
138029,السيرة,2020
202883,الأزهر,2020
112083,متحف الدحيح,2020
112311,نمرة اتنين,2020
112409,خيط حرير,2020
106590,ما وراء الطبيعة,2020
112767,Kalbash,2020
113559,ضربة معلم,2020
114972,أول السطر,2020
114454,العمارة,2020
114399,جمال الحريم,2020
114738,اسعاف يونس,2020
115012,لؤلؤ,2020
115823,الدايرة,2021
116688,أنصاف مجانين,2021
117314,في بيتنا روبوت,2021
118560,اللوكاندة,2021
118274,حلوة الدنيا سكر,2021
118290,في يوم وليلة,2021
119390,وادى الجن (الكهف),2021
123323,قنديل الحكايات,2021
79668,الرحلة,2021
120173,ورا كل باب,2021
104043,أبلة فاهيتا: دراما كوين,2021
121293,زي القمر,2021
121735,خلي بالك من زيزي,2021
121734,لحم غزال,2021
223686,المداح,2021
202791,ادم عليه السلام,2021
123166,العمارة لايت,2021
121986,ولاد ناس,2021
121649,اللي مالوش كبير,2021
121647,وكل ما نفترق,2021
121642,لحم الغزال,2021
121639,أحسن أب,2021
121636,القاهرة كابول,2021
121633,بين السما والأرض,2021
121623,ضد الكسر,2021
121530,ملوك الجدعنة,2021
121522,ضل راجل,2021
119768,النمر,2021
112399,نجيب زاهي زركش,2021
123247,كاتشاب,2021
123209,The Journey,2021
123184,يونس والحوت,2021
123183,رحالة,2021
122875,رامز عقله طار,2021
122543,المداح,2021
121739,فارس بلا جواز,2021
121737,كله بالحب,2021
121645,قصر النيل,2021
121625,الطاووس,2021
121568,بنت السلطان,2021
121534,حرب أهلية,2021
121487,لعبة نيوتن,2021
121486,نسل الأغراب,2021
121383,هجمة مرتدة,2021
119694,موسى,2021
113433,كوفيد 25,2021
227459,ما حدش فاهم حاجه,2021
130250,Struggle from 2012,2021
202576,عظماء الامة,2021
138530,شقة 6,2021
131669,Crew Unkown,2021
132886,الوضع مستقر,2021
133243,أجازة مفتوحة,2021
133713,٦٠ دقيقة,2021
136082,حي السيدة زينب,2021
138122,Aflamna El Helwa,2021
139152,اللعبة بجد وجد,2021
139500,قواعد الطلاق ال 45,2021
139369,أيام,2021
139587,فهميات,2021
139471,موضوع عائلي,2021
223629,بارانويا,2021
209425,Confessions of a Fashionista,2021
138632,الزيارة,2021
152389,ستات بيت المعادي,2021
152478,خارج السيطرة,2021
152391,بيمبو,2021
229842,الفرصة,2021
154510,جايين نهزر,2021
154593,انا وهي,2022
155173,الجسر,2022
155107,القاتل الذي أحبني,2022
155179,الفرح فرحنا,2022
155403,شارع 9,2022
157011,نقل عام,2022
156700,أحلى كلام,2022
154810,البحث عن علا,2022
156546,منورة باهلها,2022
158650,وسط البلد,2022
158836,تحقيق,2022
196262,Menawara Be Ahlaha,2022
158763,في الحب... والحياة,2022
226956,نسر السين,2022
195353,الستينيات,2022
196642,انحراف,2022
196610,مزاد الشر,2022
156219,توبة,2022
250638,العصمة في إيدي,2022
211837,لايف شو,2022
202580,الامثال فى القران,2022
201549,قصص الكهف,2022
200717,عودة الاب الضال,2022
197685,كريزي ومان,2022
196785,اللغز,2022
196258,النقطة العمياء,2022
196228,فلاش,2022
196117,عودة الأب الضال,2022
196098,رامز موڤي ستار,2022
196031,دنيا تانية,2022
195592,عالم تاني,2022
195589,فاتن أمل حربي,2022
195574,رانيا وسكينة,2022
195567,وجوه,2022
195566,إنحراف,2022
195563,ملف سري,2022
195561,جزيرة غمام,2022
195560,بابلو,2022
195555,العائدون,2022
195522,مين قال؟,2022
195498,دايمًا عامر,2022
195460,راجعين يا هوا,2022
195276,أحلام سعيدة,2022
195260,يوتيرن,2022
194677,سوتس بالعربي,2022
194560,بيت الشدة,2022
194495,مكتوب عليا!,2022
155590,المشوار,2022
277927,Flash  (2022) - Khalid El Safty,2022
195559,بطلوع الروح,2022
195706,باثر رجعي,2022
201343,أبلة فاهيتا: من الدوبلكس,2022
220975,نانا زنانة,2022
202040,البيت بيتي,2022
202722,ريفو,2022
201870,الثمانية,2022
203393,وش وضهر,2022
203570,منعطف خطر,2022
208685,الليلة واللي فيها,2022
209947,اعمل ايه,2022
210119,طير بينا يا قلبى,2022
206550,وعد إبليس,2022
211268,أم الدنيا,2022
211388,دوبامين,2022
211861,أنغام,2022
209486,مجنونة بيك,2022
203568,المتهمة,2022
203569,النزوة,2022
212986,بيت الفرح,2022
212985,بيت فرح,2022
212982,الضاحك الباكي,2022
213419,إيجار قديم,2022
211969,اتزان,2022
206548,الغرفة 207,2022
223606,Om El Donia,2022
214677,العيلة دي,2022
258676,El Kora m3 El-Salama,2022
215453,اخر دور,2022
215746,مشوار الونش,2022
217413,في كل أسبوع حكاية,2022
217412,حكايات جروب العيلة,2022
217952,وبينا ميعاد,2023
217605,أولاد عابد,2023
209946,أزمة منتصف العمر,2023
219256,بالطو,2023
220402,حكايات جروب الدفعة,2023
220195,تياترو,2023
220173,الأصلي,2023
223149,Kamel El Adad,2023
221080,رشيد,2023
220991,ضرب نار,2023
220959,ليل أم البنات,2023
220953,عملة نادرة,2023
220885,ارواح خفية,2023
284655,ليل ام البنات,2023
250641,مطلوب عريس,2023
224778,A legitimate relationship,2023
224257,ليك لوك,2023
222903,وعود سخية,2023
222747,ضرب نار,2023
222070,كشف مستعجل,2023
222008,رامز نيفر إند,2023
221722,إكس لانس,2023
221496,جميلة,2023
221195,Third,2023
221123,رسالة الإمام,2023
221078,حضرة العمدة,2023
221075,الصفارة,2023
221030,الهرشة السابعة,2023
220993,تحت الوصاية,2023
220990,علاقة مشروعة,2023
220883,الكتيبة 101,2023
220882,سوق الكانتو,2023
220880,مذكرات زوج,2023
218886,الأجهر,2023
218739,جعفر العمدة,2023
218328,١٠٠٠ حمد الله على السلامة,2023
218324,كامل العدد,2023
218323,بابا المجال,2023
218320,ستهم,2023
218313,سره الباتع,2023
218308,بطن الحوت,2023
221081,الصندوق,2023
225027,تلت التلاتة,2023
221125,جت سليمة,2023
220960,تغيير جو,2023
222557,حرب,2023
225919,Sold Out,2023
121918,عالم موازي,2023
232654,لغتنا القديمة,2023
230333,من غير نفسنة,2023
229541,لوغاريتم,2023
229540,سيب وأنا أسيب,2023
230008,نصي التاني,2023
224927,سفاح الجيزة,2023
233647,حدث بالفعل,2023
235807,55 مشكلة حب,2023
235798,٥٥ مشكلة حب,2023
236064,على باب العمارة,2023
237139,ورق التوت,2023
237074,صوت وصورة,2023
243114,روحي فيك,2023
246538,حد فاصل: فنجان قهوة,2023
239896,زينهم,2023
240311,العودة,2023
246539,حد فاصل: خيال حلمي,2023
246541,حد فاصل: البحث عن فتحية,2023
242402,حد فاصل,2023
242594,حالة خاصة,2024
218738,روز وليلى,2024
236063,جولة أخيرة,2024
244633,حدوتة منسية,2024
242897,بين السطور,2024
246078,طبيبة شرعية,2024
245985,صلة رحم,2024
262761,أبويا شقيقي,2024
250557,شاكر مش فاكر,2024
250556,فبركة,2024
250553,غير صالح للنشر,2024
250543,بيت أم الغلام,2024
249271,خاتم سليمان,2024
248705,سكوت شات,2024
248144,تل الراهب,2024
248125,بعد النهاية,2024
248121,بـ١٠٠ راجل,2024
247418,قلع الحجر,2024
246925,نعمة الافوكاتو,2024
246878,لحظة غضب,2024
246787,ب100 راجل,2024
246782,جري الوحوش,2024
246746,رامز جاب من الآخر,2024
246744,سر إلهي,2024
246705,المعلم,2024
246531,صدفة,2024
246425,أعلى نسبة مشاهدة,2024
246245,مسار إجباري,2024
246244,اشغال شقة,2024
246049,بابا جه,2024
246009,إمبراطورية م,2024
245982,صيد العقارب,2024
244676,بيت الرفاعي,2024
244675,عتبات البهجة,2024
244673,لانش بوكس,2024
244644,العتاولة,2024
238077,حق عرب,2024
224882,الحشاشين,2024
220967,محارب,2024
246006,خالد نور وولده نور خالد,2024
246879,مليحة,2024
246877,رحيل,2024
246875,بقينا اتنين,2024
246785,فراولة,2024
246706,جودر: ألف ليلة وليلة,2024
246501,بدون سابق إنذار,2024
220899,السجل الأسود,2024
238078,كوبرا,2024
251312,برنامج أسرار,2024
252677,الليلة دوب That's My Jam,2024
253465,إلا الطلاق,2024
251621,دواعي السفر,2024
255057,مفترق طرق,2024
256336,رووف كافيه,2024
253349,الوصفة السحرية,2024
257674,وجوه - حكاية حرب نفسية,2024
258436,بيت السعد,2024
258958,بنون,2024
260674,عنبر انفرادي,2024
261499,SoldOut Comedy,2024
259892,عمر افندي,2024
251825,انترفيو,2024
265212,ديبو,2024
258577,برغم القانون,2024
271952,الغالب غالب,2024
272142,الورشة,2024
257812,تيتا زوزو,2024
257810,مطعم الحبايب,2024
274495,باسورد,2024
260611,٦ شهور,2024
260695,وتر حساس,2024
276336,رقم سري,2024
273327,نقطة سودة,2024
275284,بنات الثانوي ج 2,2024
278551,ساعته وتاريخه,2024
246496,موعد مع الماضي‎,2024
262627,فقرة الساحر,2024
259525,سراب,2025
252126,اقامة جبرية,2025
271076,صفحة بيضا,2025
282285,روح جدو,2025
280694,الشرنقة,2025
276069,٨٠ باكو,2025
274176,الكابتن,2025
271790,ولاد الشمس,2025
260469,حمزة,2025
286491,قطايف,2025
286066,غريب يا دنيا,2025
285589,فندق خمس هموم,2025
285541,طريق البداية,2025
285536,بروودكاست مع حسن عسيري,2025
285478,يا أنا يا هي,2025
285065,جوازة مشروعة,2025
285062,الست فوزية,2025
285061,سندريلا كيوت,2025
285060,هات وخد,2025
285059,اللمبة الزرقا,2025
285041,مدفع رمضان,2025
284659,رامز إيلون مصر,2025
283980,يا أنا يا هي,2025
283747,وش سعد,2025
283744,جوما,2025
283739,الحلانجي,2025
283732,جريمة منتصف الليل,2025
283091,أهل الخطايا,2025
276514,شهادة معاملة أطفال,2025
276068,النص,2025
274662,قلبي ومفتاحه,2025
274181,اثينا,2025
271646,الوهم,2025
271501,الأميرة - ظل حيطة,2025
271163,عقبال عندكوا,2025
262303,إخواتي,2025
260758,فهد البطل,2025
260755,وتقابل حبيب,2025
260664,في لحظة,2025
260608,حكيم باشا,2025
260606,سيد الناس,2025
260605,إش إش,2025
248831,للأذكياء فقط,2025
246779,بدون مقابل,2025
278067,قهوة المحطة,2025
275298,نص الشعب اسمه محمد,2025
271644,منتهي الصلاحية,2025
271181,عايشة الدور,2025
261573,ظُلم المصطبة,2025
286563,اسود باهت,2025
285191,بنات همام,2025
277800,حسبة عمري,2025
273059,شباب امرأة,2025
262982,الغاوي,2025
260658,لام شمسية,2025
250110,شمال اجباري,2025
283734,عقبال عندكوا,
282711,بوجي و طمطم: محطة فلافيلو,
282691,dublicate,
280575,نون النسوة,
278184,القصة الكاملة,
278139,ظروف غامضة,
278068,خانة فاضية,
276520,أفلاطوني,
276067,بمية  دهب,
275236,الاخطبوط,
274663,Untitled Ahmed Ezz Comedy,
274543,Untitled Youssef El Sherif Tv Show,
274178,الكينج,
273589,قتل اختياري,
272431,برستيج,
271641,دهب,
271270,220 يوم,
271184,للعدالة وجه آخر,
271176,نيلي كريم رمضان,
270885,الاستاذ,
263190,حياة أو موت,
262923,زمالك بولاق,
262167,أعراض انسحاب,
261971,سيدتي العويلة,
261747,مملكة الحرير,
261656,سفاح التجمع,
260708,هدوء القتلة,
260694,نسخة واحدة لا تكفي,
260687,سفنجة و زفلطة,
260660,منتصر القرش,
260613,كل سنة مرة,
254292,أرجوك لا تفهمني بسرعة,
252125,كتالوج,
251753,العنكبوت,
250932,الفوريجي,
246870,أمير العوامري,
246788,إثبات نسب,
232465,يوميات عيلة كواك,
232360,ألفريدو,
223793,Al-Nos Al-Tany,
222933,1000 حمد الله على السلامة,
222431,رمضان كريم 2,
207963,الشبيحة,
207316,غير معروف,
196606,Xolvadus: The Ether's Awakening,
196396,الركين,
158497,ايام,
156999,ابو العروسة ابو العروسة,
130582,الديب,
115134,اللهم إني صايم,
91292,المال,
80313,أيوب,
70734,سلسال الدم,
59559,Baladna bel Masry,
56478,في بيوت الله,
56117,أوان الورد,
55839,Almanzil Alkhalfi,
55826,Makhluk Asmah Almar'ah,
55794,Domo Alshomoa,
55383,Sabir Ya Am Sabir,
55075,Yanabee' El Nahr,
55073,Howa wa heya,
54704,أبدا لن أموت,
54422,Opera Ayda,
54242,أحلامك أوامر,
54114,الفتوه,
54036,Al Mashrabiya,
53608,04,
53316,أسمهان,
53084,Hanan Wa Haneen,
52714,أديب,
52598,Moghamrat Al Hayah,
52293,Samhoony Makansh Asdy,
52291,Banat Afkaary,
52290,AlEmbrator,
52287,Negmat AlGamaheer,
52285,Mas'alet Mabdaa',
52284,A Woman From Fire,
52282,"Alseera AlAshouria ""AlHarafeesh""",
52281,Ala Nar Hade'a,
52280,Ahlam La Tanam,
52279,Emraa Fawk AlAada,
52278,Kalb Emraa,
52277,Kessat AlAms,
52276,Alashan Maleesh Gheirak,
52275,Mum's Husband,
52274,Yes... I'm still a Miss,
52273,Woman in Problem,
52272,Nona Authorized,
50848,قضية صفية (2010),
50246,يا ورد مين يشتريك,
50061,Kalam Neswan,
50015,AlForsan,
43839,Ruby,
3410,Wajh al-Qamar,
